ID,Address,City,State,ZIP Code
15313551,1745 T Street Southeast,Washington,DC,20020
15313552,6007 Applegate Lane,Louisville,KY,40219
15313553,560 Penstock Drive,Grass Valley,CA,95945
15313554,150 Carter Street,Manchester,CT,6040
15313555,2721 Lindsay Avenue,Louisville,KY,40206
15313556,18 Densmore Drive,Essex,VT,5452
15313557,637 Britannia Drive,Vallejo,CA,94591
15313558,5601 West Crocus Drive,Glendale,AZ,85306
15313559,5403 Illinois Avenue,Nashville,TN,37209
15313560,8821 West Myrtle Avenue,Glendale,AZ,85305
15313561,2203 7th Street Road,Louisville,KY,40208
15313562,6463 Vrain Street,Arvada,CO,80003
15313563,87 Horseshoe Drive,West Windsor,VT,5037
15313564,60 Desousa Drive,Manchester,CT,6040
15313565,4 Old Colony Way,Yarmouth,MA,2664
15313566,314 South 17th Street,Nashville,TN,37206
15313567,1649 Timberridge Court,Fayetteville,AR,72704
15313568,5461 West Shades Valley Drive,Montgomery,AL,36108
15313569,629 Debbie Drive,Nashville,TN,37076
15313570,22572 Toreador Drive,Salinas,CA,93908
15313571,3034 Mica Street,Fayetteville,AR,72704
15313572,3729 East Mission Boulevard,Fayetteville,AR,72703
15313573,5114 Greentree Drive,Nashville,TN,37211
15313574,3466 Southview Avenue,Montgomery,AL,36111
15313575,1513 Cathy Street,Savannah,GA,31415
15313576,600 West 19th Avenue,Anchorage,AK,99503
15313577,1208 Elkader Court North,Nashville,TN,37013
15313578,210 Green Road,Manchester,CT,6042
15313579,49548 Road 200,O'Neals,CA,93645
15313580,81 Seaton Place Northwest,Washington,DC,20001
15313581,1267 Martin Street,Nashville,TN,37203
15313582,7431 Candace Way,Louisville,KY,40214
15313583,1407 Walden Court,Crofton,MD,21114
15313584,5906 Milton Avenue,Deale,MD,20751
15313585,74 Springfield Street,Agawam,MA,1001
15313586,2905 Stonebridge Court,Norman,OK,73071
15313587,20930 Todd Valley Road,Foresthill,CA,95631
15313588,5928 West Mauna Loa Lane,Glendale,AZ,85306
15313589,802 Madison Street Northwest,Washington,DC,20011
15313590,2811 Battery Place Northwest,Washington,DC,20016
15313591,210 Lacross Lane,Westmore,VT,5860
15313592,2010 Rising Hill Drive,Norman,OK,73071
15313593,388 East Main Street,Middlebury,VT,5753
15313594,450 Kinhawk Drive,Nashville,TN,37211
15313595,131 Westerly Street,Manchester,CT,6042
15313596,308 Woodleaf Court,Glen Burnie,MD,21061
15313597,8502 Madrone Avenue,Louisville,KY,40258
15313598,23 Sable Run Lane,Methuen,MA,1844
15313599,716 Waller Road,Brentwood,TN,37027
15313600,416 McIver Street,Nashville,TN,37211
15313601,1508 Massachusetts Avenue Southeast,Washington,DC,20003
15313602,5615 West Villa Maria Drive,Glendale,AZ,85308
15313603,3162 Martin Luther King Junior Boulevard,Fayetteville,AR,72704
15313604,5306 Ritchie Highway,Baltimore,MD,21225
15313605,109 Summit Street,Burlington,VT,5401
15313606,816 West 19th Avenue,Anchorage,AK,99503
15313607,172 Alburg Springs Road,Alburgh,VT,5440
15313608,159 Downey Drive,Manchester,CT,6040
15313609,125 John Street,Santa Cruz,CA,95060
15313610,1101 Lotus Avenue,Glen Burnie,MD,21061
15313611,8376 Albacore Drive,Pasadena,MD,21122
15313612,491 Arabian Way,Grand Junction,CO,81504
15313613,12245 West 71st Place,Arvada,CO,80004
15313614,80 North East Street,Holyoke,MA,1040
15313615,4695 East Huntsville Road,Fayetteville,AR,72701
15313616,310 Timrod Road,Manchester,CT,6040
15313617,1364 Capri Drive,Panama City,FL,32405
15313618,132 Laurel Green Court,Savannah,GA,31419
15313619,6657 West Rose Garden Lane,Glendale,AZ,85308
15313620,519 West 75th Avenue,Anchorage,AK,99518
15313621,31353 Santa Elena Way,Union City,CA,94587
15313622,8398 West Denton Lane,Glendale,AZ,85305
15313623,700 Winston Place,Anchorage,AK,99504
15313624,232 Maine Avenue,Panama City,FL,32401
15313625,1 Kempf Drive,Easton,MA,2375
15313626,5811 Crossings Boulevard,Nashville,TN,37013
15313627,5108 Franklin Street,Savannah,GA,31405
15313628,913 Fallview Trail,Nashville,TN,37211
15313629,270 Chrissy's Court,,VT,5443
15313630,130 Old Route 103,Chester,VT,5143
15313631,10826 Pointe Royal Drive,Bakersfield,CA,93311
15313632,74 Ranch Drive,Montgomery,AL,36109
15313633,6601 West Ocotillo Road,Glendale,AZ,85301
15313634,19416 Barclay Road,Castro Valley,CA,94546
15313635,1347 Blackwalnut Court,Annapolis,MD,21403
15313636,1770 Colony Way,Fayetteville,AR,72704
15313637,165 Saint John Street,Manchester,CT,6040
15313638,2409 Research Boulevard,Fort Collins,CO,80526
15313639,1903 Bashford Manor Lane,Louisville,KY,40218
15313640,8315 Surf Drive,Panama City Beach,FL,32408
15313641,3301 Old Muldoon Road,Anchorage,AK,99504
15313642,8800 Cordell Circle,Anchorage,AK,99502
15313643,117 East Cook Avenue,Anchorage,AK,99501
15313644,6231 North 67th Avenue,Glendale,AZ,85301
15313645,8505 Waters Avenue,Savannah,GA,31406
15313646,7 Underwood Place Northwest,Washington,DC,20012
15313647,21950 Arnold Center Road,Carson,CA,90810
15313648,1427 South Carolina Avenue Southeast,Washington,DC,20003
15313649,1420 Turtleback Trail,Panama City,FL,32413
15313650,6990 Pierson Street,Arvada,CO,80004
15313651,376 North Williams Drive,Fayetteville,AR,72701
15313652,3617 Menlo Court,Montgomery,AL,36116
15313653,711 Parker Street,East Longmeadow,MA,1028
15313654,8521 Crystal Street,Anchorage,AK,99502
15313655,1622 Edgar D Nixon Avenue,Montgomery,AL,36104
15313656,1608 Gales Street Northeast,Washington,DC,20002
15313657,122 East Hayes Street,Norman,OK,73069
15313658,5144 Cattail Court,Fayetteville,AR,72701
15313659,131 Kent Drive,Manchester,CT,6042
15313660,2313 Vegas Avenue,Castro Valley,CA,94546
15313661,5420 Sunset Avenue,Panama City Beach,FL,32408
15313662,242 North Ash Street,Fruita,CO,81521
15313663,38676 Greenwich Circle,Fremont,CA,94536
15313664,2426 East Onyx Trail,Fayetteville,AR,72701
15313665,110 Seaton Place Northwest,Washington,DC,20001
15313666,5385 Iris Street,Arvada,CO,80002
15313667,5628 West Tonopah Drive,Glendale,AZ,85308
15313668,65 Bay Drive,Annapolis,MD,21403
15313669,7401 North 61st Drive,Glendale,AZ,85301
15313670,8 Watkins Road,,VT,5468
15313671,2209 June Drive,Nashville,TN,37214
15313672,1840 Nobel Place,Louisville,KY,40216
15313673,2622 Martin Luther King Junior Boulevard,Fayetteville,AR,72704
15313674,4 Glen Circle,Glen Burnie,MD,21060
15313675,7529 West 72nd Avenue,Arvada,CO,80003
15313676,10996 Largo Drive,Savannah,GA,31419
15313677,2027 North Shannon Drive,Fayetteville,AR,72703
15313678,154 Boca Lagoon Drive,Panama City Beach,FL,32408
15313679,3311 Wiley Post Loop,Anchorage,AK,99517
15313680,5055 West 58th Avenue,Arvada,CO,80002
15313681,3228 Chettenham Drive,Rancho Cordova,CA,95670
15313682,1901 North Midwest Boulevard,Edmond,OK,73034
15313683,1536 North Main Street,Salinas,CA,93906
15313684,33 Linscott Road,Hingham,MA,2043
15313685,1732 27th Avenue,Oakland,CA,94601
15313686,22 Gallatin Street Northeast,Washington,DC,20011
15313687,8125 Glynnwood Drive,Montgomery,AL,36117
15313688,2139 Glynnwood Drive,Savannah,GA,31404
15313689,14 School Street,Medway,MA,2053
15313690,264 Crest Drive,Soldotna,AK,99669
15313691,307 Joel Street,Pooler,GA,31322
15313692,188 River Road,Essex,VT,5452
15313693,1643 Oxford Street,Berkeley,CA,94709
15313694,5545 Saddlewood Lane,Brentwood,TN,37027
15313695,26466 Mockingbird Lane,Hayward,CA,94544
15313696,4840 Reservoir Road Northwest,Washington,DC,20007
15313697,599 Cambridge Street,Cambridge,MA,2141
15313698,584 Rural Hill Road,Nashville,TN,37217
15313699,10262 West 59th Avenue,Arvada,CO,80004
15313700,945 South 5th Street,Louisville,KY,40203
15313701,2543 The Meadows,Montgomery,AL,36116
15313702,153 Atlantic Avenue,Salisbury,MA,1952
15313703,9 Brooklyn Street,,VT,5488
15313704,5722 8th Street Northwest,Washington,DC,20011
15313705,8700 Seaton Boulevard,Montgomery,AL,36116
15313706,1004 Bellflower Street,Livermore,CA,94551
15313707,4738 Mallard Common,Fremont,CA,94555
15313708,875 Latouche Street,Anchorage,AK,99501
15313709,4940 Fuller Road,Montgomery,AL,36110
15313710,5754 Belleau Drive,Montgomery,AL,36117
15313711,1403 Lincoln Street,Savannah,GA,31401
15313712,140 South Hill Avenue,Fayetteville,AR,72701
15313713,642 South 2nd Street,Louisville,KY,40202
15313714,6473 Zephyr Street,Arvada,CO,80004
15313715,4250 North Valley Lake Drive,Fayetteville,AR,72703
15313716,565 North Lakeshore Drive,Panama City Beach,FL,32413
15313717,5514 West Wedington Drive,Fayetteville,AR,72704
15313718,1909 Wainwright Avenue,Panama City,FL,32405
15313719,4525 West Frier Drive,Glendale,AZ,85301
15313720,201 West Montgomery Cross Road,Savannah,GA,31406
15313721,915 Heath Drive,Montgomery,AL,36108
15313722,95 Briarwood Drive,Manchester,CT,6040
15313723,69 Washington Street,Manchester,CT,6042
15313724,2900 North Western Avenue,Edmond,OK,73012
15313725,7841 West Kristal Way,Glendale,AZ,85308
15313726,361 Parmley Lane,Nashville,TN,37207
15313727,6120 Southeast 84th Street,Oklahoma City,OK,73135
15313728,9428 North 65th Drive,Glendale,AZ,85302
15313729,11 Meeting Place Circle,Boxford,MA,1921
15313730,4438 Maine Avenue,Baldwin Park,CA,91706
15313731,65 Jones Lane,Montevallo,AL,35115
15313732,3140 Commander Drive,Louisville,KY,40220
15313733,107 Guaymas Place,Davis,CA,95616
15313734,6114 West Glenn Drive,Glendale,AZ,85301
15313735,622 Thomas Street,Woodland,CA,95776
15313736,127 Grand Heron Drive,Panama City,FL,32407
15313737,3504 East 16th Avenue,Anchorage,AK,99508
15313738,1230 Stafford Drive,Montgomery,AL,36117
15313739,6007 Yarrow Street,Arvada,CO,80004
15313740,632 Belmar Drive,Edmond,OK,73025
15313741,1515 Chandlee Avenue,Panama City,FL,32405
15313742,10632 Admiral Court,Oklahoma City,OK,73162
15313743,11655 West 81st Avenue,Arvada,CO,80005
15313744,3500 Blanchard Drive Southwest,Washington,DC,20032
15313745,2755 Country Drive,Fremont,CA,94536
15313746,1850 Berryhill Place,Montgomery,AL,36117
15313747,58 North U.S.A Drive,Fayetteville,AR,72701
15313748,8785 Ellis Court,Arvada,CO,80005
15313749,1636 Briarview Court,Severn,MD,21144
15313750,12 Knox Street,Manchester,CT,6040
15313751,425 Middle Turnpike East,Manchester,CT,6040
15313752,2017 North Hartford Drive,Fayetteville,AR,72701
15313753,5900 Upland Road,Brooklyn Park,MD,21225
15313754,9331 Edison Road,Lithia,FL,33547
15313755,1810 Orchard Place,Anchorage,AK,99502
15313756,145 Grau Drive,Fremont,CA,94536
15313757,3959 Fairlands Drive,Pleasanton,CA,94588
15313758,3613 East 18th Avenue,Anchorage,AK,99508
15313759,1275 South Holland Drive,Fayetteville,AR,72704
15313760,109 Cambridge Station Road,Louisville,KY,40223
15313761,2107 Elfen Glen,Van Buren,AR,72956
15313762,8522 Ingalls Circle,Arvada,CO,80003
15313763,1809 Cedar Drive,Severn,MD,21144
15313764,1376 Oakland Avenue,Fayetteville,AR,72703
15313765,4306 Bylsma Circle,Panama City,FL,32404
15313766,233 Buckland Hills Drive,Manchester,CT,6042
15313767,7701 Southwest 104th Street,Oklahoma City,OK,73169
15313768,14003 Crossbranch Court,Louisville,KY,40245
15313769,19590 East Batavia Drive,Aurora,CO,80011
15313770,6424 Simms Street,Arvada,CO,80004
15313771,718 Dutchmans Court,Nashville,TN,37076
15313772,8496 Isles Court,Pasadena,MD,21122
15313773,100 East Joyce Boulevard,Fayetteville,AR,72703
15313774,9036 Calico Court,Hesperia,CA,92344
15313775,2723 East Joyce Boulevard,Fayetteville,AR,72703
15313776,90 Via Verde,San Lorenzo,CA,94580
15313777,1015 Castle Road,Edmond,OK,73034
15313778,2787 West Blackstone Crossing,Fayetteville,AR,72704
15313779,3555 Alamosa Drive,Anchorage,AK,99502
15313780,6231 North 59th Avenue,Glendale,AZ,85301
15313781,311 South Panama Street,Montgomery,AL,36107
15313782,3313 Daisy Trail,Nashville,TN,37013
15313783,5436 Dorbrandt Street,Anchorage,AK,99518
15313784,553 South Arlington Road,Orange,CA,92869
15313785,615 Q Street Northwest,Washington,DC,20001
15313786,457 Mountain Village Boulevard,Mountain Village,CO,81435
15313787,144 Lauderdale Street,Montgomery,AL,36116
15313788,2 Ambelwood Way,Savannah,GA,31411
15313789,4113 Holiday Drive,Panama City,FL,32408
15313790,2001 Van Hoose Drive,Fayetteville,AR,72701
15313791,9457 Winfield Place,Montgomery,AL,36117
15313792,1120 Mitchell Young Road,Montgomery,AL,36108
15313793,12816 West 65th Way,Arvada,CO,80004
15313794,10 Erick Road,Mansfield,MA,2048
15313795,481 East Redbud Lane,Fayetteville,AR,72703
15313796,320 Northwest 22nd Street,Oklahoma City,OK,73103
15313797,33 South Hill Avenue,Fayetteville,AR,72701
15313798,355 Gillette Road,Nashville,TN,37211
15313799,151 Main Street,Savannah,GA,31408
15313800,545 Tracey Drive,Panama City,FL,32404
15313801,3 Southerberry Drive,,VT,5468
15313802,736 Sicard Street Southeast,Washington,DC,20003
15313803,6214 Herzog Street,Oakland,CA,94608
15313804,1160 North College Avenue,Fayetteville,AR,72703
15313805,5843 West McLellan Road,Glendale,AZ,85301
15313806,1452 55th Avenue,Oakland,CA,94621
15313807,4255 Tanager Common,Fremont,CA,94555
15313808,13426 West Rovey Avenue,Litchfield Park,AZ,85340
15313809,195 Nursery Street,Springfield,MA,1104
15313810,126 Marjorie Lane,Manchester,CT,6042
15313811,22 Charnock Street,Beverly,MA,1915
15313812,817 25th Street Northwest,Washington,DC,20037
15313813,2552 Massachusetts Avenue Northwest,Washington,DC,20008
15313814,1711 Lore Road,Anchorage,AK,99507
15313815,19091 Northeast 23rd Street,Harrah,OK,73045
15313816,8318 North 57th Drive,Glendale,AZ,85302
15313817,7256 West 84th Way,Arvada,CO,80003
15313818,706 Seagrove Road,Glen Burnie,MD,21060
15313819,2318 Camryns Crossing,Panama City,FL,32405
15313820,968 Virginia Avenue,Olivehurst,CA,95961
15313821,416 South University Boulevard,Norman,OK,73069
15313822,137 Gazebo East Drive,Montgomery,AL,36117
15313823,10723 Colonial Woods Court,Louisville,KY,40223
15313824,119 Matthew Lane,Nashville,TN,37215
15313825,3142 West Finger Road,Fayetteville,AR,72701
15313826,4 Elm Street,Windsor,VT,5089
15313827,78 School Street,Woburn,MA,1801
15313828,19020 North 68th Avenue,Glendale,AZ,85308
15313829,2849 Quail Drive,Fayetteville,AR,72704
15313830,2456 22nd Avenue,Greeley,CO,80631
15313831,200 Boulder Road,Manchester,CT,6040
15313832,11150 Sun Valley Drive,Oakland,CA,94605
15313833,505 Southeast 32nd Street,Oklahoma City,OK,73129
15313834,1025 West 19th Street,Panama City,FL,32405
15313835,6725 Pamela Court,Montgomery,AL,36116
15313836,4714 Narrow Lane Road,Montgomery,AL,36116
15313837,11 Proctor Circle,Peabody,MA,1960
15313838,10508 Kovats Court,Louisville,KY,40223
15313839,3179 18th Street Northwest,Washington,DC,20010
15313840,3194 Bladensburg Road Northeast,Washington,DC,20018
15313841,260 Rio Del Mar Boulevard,Aptos,CA,95003
15313842,1040 West 27th Avenue,Anchorage,AK,99503
15313843,42 Lake Lane,Westmore,VT,5860
15313844,3718 Bay Tree Road,Lynn Haven,FL,32444
15313845,3408 Bellisima Place,Louisville,KY,40245
15313846,4109 General Bate Drive,Nashville,TN,37204
15313847,5329 A Street,Greeley,CO,80634
15313848,88 Shute Street,Everett,MA,2149
15313849,480 Keene Road,Walden,VT,5836
15313850,4 Cutting Avenue,Worcester,MA,1606
15313851,275 South 40th Street,Boulder,CO,80305
15313852,1189 Northwest End Avenue,Fayetteville,AR,72703
15313853,25 Cliffside Drive,Manchester,CT,6042
15313854,2515 60th Avenue,Oakland,CA,94605
15313855,2057 Lucas Street,Montgomery,AL,36107
15313856,386 Daniels Road,New Haven,VT,5472
15313857,9805 Meadow Vale Drive,Louisville,KY,40242
15313858,8 Village Circle,Randolph,VT,5060
15313859,1011 San Jose Street,San Leandro,CA,94577
15313860,2505 Walker Lane,Nashville,TN,37207
15313861,11225 West 79th Drive,Arvada,CO,80005
15313862,1907 18th Avenue South,Nashville,TN,37212
15313863,16 Conway Street,Shelburne Falls,MA,1370
15313864,20375 Wisteria Street,Castro Valley,CA,94546
15313865,6408 Fern Crest Road,Louisville,KY,40291
15313866,175 Creek Road,Castleton,VT,5735
15313867,2531 Prestwick Avenue,Concord,CA,94519
15313868,1002 Highland Avenue,Louisville,KY,40204
15313869,2927 Leatherwood Drive,Nashville,TN,37214
15313870,8467 Chase Drive,Arvada,CO,80003
15313871,8556 Nelson Court,Arvada,CO,80005
15313872,122 Summer Street,Medford,MA,2155
15313873,12061 Johns Road,Anchorage,AK,99515
15313874,8358 WB&A Road,Severn,MD,21144
15313875,43 Henderson Avenue,Savannah,GA,31406
15313876,347 Brewer Drive,Nashville,TN,37211
15313877,2765 North Barcelona Avenue,Fayetteville,AR,72703
15313878,5311 Chenoweth Park Lane,Louisville,KY,40291
15313879,6398 Jellison Way,Arvada,CO,80004
15313880,604 Northwest 118th Street,Oklahoma City,OK,73114
15313881,37 Rushforde Drive,Manchester,CT,6040
15313882,5434 West Beck Lane,Glendale,AZ,85306
15313883,1516 Ringe Drive,Severn,MD,21144
15313884,3701 Lake Towne Drive,Nashville,TN,37013
15313885,20250 North 67th Avenue,Glendale,AZ,85308
15313886,62 Prospect Avenue,Quincy,MA,2170
15313887,25 Morton Street,Quincy,MA,2169
15313888,8202 4 Winds Drive,Lyndon,KY,40222
15313889,513 Habberton Road,Fayetteville,AR,72703
15313890,1960 Sigfrid Court,Annapolis,MD,21401
15313891,663 Chesapeake Way,Fayetteville,AR,72701
15313892,3354 Wilmington Road,Montgomery,AL,36105
15313893,8529 Old Harding Lane,Nashville,TN,37221
15313894,22219 Panama City Beach Parkway,Panama City Beach,FL,32413
15313895,37 East Broad Street,Savannah,GA,31401
15313896,1309 Columbia Road Northwest,Washington,DC,20009
15313897,1211 Castine Court,Pasadena,MD,21122
15313898,906 West Berry Street,Fayetteville,AR,72701
15313899,341 Oakland Street,Manchester,CT,6042
15313900,60 Downey Drive,Manchester,CT,6040
15313901,3770 North Front Street,Fayetteville,AR,72703
15313902,25 Church Street,Pittsfield,MA,1201
15313903,6578 Marauder Drive,Nashville,TN,37209
15313904,2747 68th Avenue,Oakland,CA,94605
15313905,95 Woods Hill Road,,VT,5488
15313906,35 Keach Avenue,Worcester,MA,1607
15313907,1822 North Grand Avenue,Pueblo,CO,81003
15313908,1809 U.S. 80,Savannah,GA,31408
15313909,5065 North 54th Avenue,Glendale,AZ,85301
15313910,1261 Steamboat Drive,Fayetteville,AR,72704
15313911,1695 Archer Street,Savannah,GA,31405
15313912,3904 October Woods Drive,Nashville,TN,37013
15313913,1223 Delaware Avenue,Deale,MD,20733
15313914,10383 Eagle River Lane,Anchorage,AK,99577
15313915,1314 89th Avenue,Oakland,CA,94621
15313916,21 Longview Bluff Drive East,Savannah,GA,31419
15313917,1689 Fisher Pond Road,Saint Albans City,VT,5478
15313918,9920 West 81st Avenue,Arvada,CO,80005
15313919,2732 Rosedale Place,Nashville,TN,37211
15313920,10881 Northforde Drive,Cupertino,CA,95014
15313921,926 Mill Court,Savannah,GA,31419
15313922,7550 Kline Drive,Arvada,CO,80005
15313923,5688 Johnson Court,Arvada,CO,80002
15313924,4439 Gale Street,Livermore,CA,94550
15313925,6450 West Bethany Home Road,Glendale,AZ,85301
15313926,2931 Shady Oaks Drive,Evans,CO,80620
15313927,6451 West Bell Road,Glendale,AZ,85308
15313928,644 West Maple Street,Fayetteville,AR,72701
15313929,1219 North Storer Avenue,Fayetteville,AR,72703
15313930,152 Holly Court,Mountain View,CA,94043
15313931,6086 Kennedy Drive,Fayetteville,AR,72704
15313932,2300 Deer Path Circle,Hurstbourne Acres,KY,40220
15313933,802 East 37th Street,Savannah,GA,31401
15313934,5821 Taft Street,Arvada,CO,80004
15313935,188 Saint Matthews Avenue,Louisville,KY,40207
15313936,68 Hampstead Place,Athol,MA,1331
15313937,3164 West Woodfield Way,Fayetteville,AR,72704
15313938,7998 Chase Circle,Arvada,CO,80003
15313939,1797 Pasatiempo Drive,Chico,CA,95928
15313940,3722 Kisling Loop,Tyndall Air Force Base,FL,32403
15313941,429 Patterson Street,Nashville,TN,37211
15313942,6140 Fenton Street,Arvada,CO,80003
15313943,7404 West Crest Lane,Glendale,AZ,85310
15313944,7841 North 59th Lane,Glendale,AZ,85301
15313945,8043 Cranberry Street,Anchorage,AK,99502
15313946,173 Spruce Street,Manchester,CT,6040
15313947,4712 Cherokee Heights Road,Panama City,FL,32404
15313948,915 Sacramento Street,Bakersfield,CA,93305
15313949,317 Windsor Road,Savannah,GA,31419
15313950,1332 Maple Street,Montgomery,AL,36108
15313951,4709 Blagden Terrace Northwest,Washington,DC,20011
15313952,5102 Ander Drive,Brentwood,TN,37027
15313953,6754 Field Street,Arvada,CO,80004
15313954,2347 Glen Eagle Drive,Northfield,KY,40222
15313955,1613 Maple Timber Court,Nashville,TN,37013
15313956,269 Park Street,North Reading,MA,1864
15313957,6444 North 67th Avenue,Glendale,AZ,85301
15313958,11 Pine Point Road,Duxbury,MA,2332
15313959,4136 East Virginia Lane,Montgomery,AL,36116
15313960,5740 North 59th Avenue,Glendale,AZ,85301
15313961,95 Central Street,Springfield,MA,1105
15313962,74 Heard Street,Chelsea,MA,2150
15313963,2500 Snowdoun Chambers Road,Montgomery,AL,36105
15313964,429 Dennison Ridge Drive,Manchester,CT,6040
15313965,1208 Lindenwood Drive,Panama City,FL,32405
15313966,7609 Doris Place,Oklahoma City,OK,73162
15313967,1915 Southeast 29th Street,Oklahoma City,OK,73129
15313968,212 Holiday Circle,Savannah,GA,31419
15313969,32 Amsden Street,Arlington,MA,2474
15313970,4016 Doane Street,Fremont,CA,94538
15313971,8700 Lillington Circle,Montgomery,AL,36117
15313972,7720 Allison Street,Arvada,CO,80005
15313973,17878 Front Beach Road,Panama City Beach,FL,32413
15313974,1328 Tuckerman Street Northwest,Washington,DC,20011
15313975,4600 East Huntsville Road,Fayetteville,AR,72701
15313976,5038 North Cimarron Drive,Beverly Hills,FL,34465
15313977,1216 West Hill Street,Louisville,KY,40210
15313978,3033 Aubert Avenue,Louisville,KY,40206
15313979,17020 West 64th Drive,Arvada,CO,80007
15313980,12420 West Montebello Avenue,Litchfield Park,AZ,85340
15313981,2538 East 40th Plaza,Panama City,FL,32405
15313982,827 10th Street Northeast,Washington,DC,20002
15313983,5912 North 48th Avenue,Glendale,AZ,85301
15313984,37 Fieldside Drive,Groton,CT,6340
15313985,9176 Ellis Way,Arvada,CO,80005
15313986,5370 Business Park Drive,Montgomery,AL,36116
15313987,1612 Beech Street,Louisville,KY,40211
15313988,8532 Ingalls Circle,Arvada,CO,80003
15313989,7941 Alpine View Circle,Anchorage,AK,99507
15313990,8595 West 81st Drive,Arvada,CO,80005
15313991,4296 North Blossom Court,Fayetteville,AR,72703
15313992,1738 Annabellas Drive,Panama City Beach,FL,32407
15313993,3215 Madsen Street,Hayward,CA,94541
15313994,4 Village Lake Drive,Fayetteville,AR,72703
15313995,86 Russell Street,Manchester,CT,6040
15313996,570 Broadway,Lynnfield,MA,1940
15313997,1405 Monroe Street Northeast,Washington,DC,20017
15313998,900 North Leverett Avenue,Fayetteville,AR,72701
15313999,222 Quince Street,San Diego,CA,92103
15314000,370 Wallace Road,Nashville,TN,37211
15314001,6672 Urban Court,Arvada,CO,80004
15314002,516 Southwest 60th Terrace,Oklahoma City,OK,73139
15314003,1513 Southeast 9th Street,Moore,OK,73160
15314004,154 Byrd Drive,Panama City,FL,32404
15314005,1106 Homer Avenue,Savannah,GA,31405
15314006,1010 M Street Northwest,Washington,DC,20001
15314007,5420 Allison Street,Arvada,CO,80002
15314008,20 Hacker Street,Worcester,MA,1603
15314009,732 Kevin Court,Oakland,CA,94621
15314010,509 Franklin Street Northeast,Washington,DC,20017
15314011,23 Whitcomb Street,Springfield,VT,5156
15314012,3377 Sandstone Court,Pleasanton,CA,94588
15314013,14 Huntington Street,Manchester,CT,6040
15314014,2802 US Highway 98,Mexico Beach,FL,32456
15314015,412 Virginia Avenue,Louisville,KY,40222
15314016,1644 New Jersey Avenue Northwest,Washington,DC,20001
15314017,832 51st Street Northeast,Washington,DC,20019
15314018,894 Windmill Park Lane,Mountain View,CA,94043
15314019,9636 Morar Road,Panama City,FL,32409
15314020,9472 Noble Way,Arvada,CO,80007
15314021,618 Staley Avenue,Hayward,CA,94541
15314022,8704 Bayberry Place,Plantation,KY,40242
15314023,2506 West Madison Street,Louisville,KY,40211
15314024,840 Inglewood Drive,West Sacramento,CA,95605
15314025,10 Dalry Lane,Savannah,GA,31419
15314026,3301 Nora Lane,Louisville,KY,40220
15314027,8304 Glaser Lane,Louisville,KY,40291
15314028,3720 West 86th Avenue,Anchorage,AK,99502
15314029,3298 Chestnut Street Northwest,Washington,DC,20015
15314030,82 Fairfield Street,Manchester,CT,6040
15314031,3138 P Street Northwest,Washington,DC,20007
15314032,80 Locust Avenue,Worcester,MA,1604
15314033,2715 Thornbrook Court,Odenton,MD,21113
15314034,3579 2nd Avenue,Edgewater,MD,21037
15314035,6739 Taft Court,Arvada,CO,80004
15314036,1528 Stafford Avenue,Hayward,CA,94541
15314037,2024 Merrily Drive,Montgomery,AL,36111
15314038,2034 Fairfax Road,Annapolis,MD,21401
15314039,1430 East Audubon Road,Montgomery,AL,36111
15314040,3652 East Blue Stone Drive,Fayetteville,AR,72764
15314041,3302 Woodland Park Drive,Anchorage,AK,99517
15314042,1771 Daisey Court,Millersville,MD,21108
15314043,406 East Waldburg Street,Savannah,GA,31401
15314044,11843 North 60th Avenue,Glendale,AZ,85304
15314045,9515 West 74th Avenue,Arvada,CO,80005
15314046,119 Antioch Pike,Nashville,TN,37211
15314047,1157 1st Street Northwest,Washington,DC,20001
15314048,3578 Galindo Street,Oakland,CA,94601
15314049,12800 Saunders Road,Anchorage,AK,99516
15314050,5556 West Northview Avenue,Glendale,AZ,85301
15314051,3617 Oak Grove Circle,Montgomery,AL,36116
15314052,2443 Sierra Nevada Road,Mammoth Lakes,CA,93546
15314053,10124 Watsonville Road,Louisville,KY,40272
15314054,2441 Chase Park Drive,Montgomery,AL,36110
15314055,28 Wayne Avenue,Waltham,MA,2453
15314056,3605 Normandy Place South,Nashville,TN,37209
15314057,25538 Calaroga Avenue,Hayward,CA,94545
15314058,1521 159th Avenue,San Leandro,CA,94578
15314059,344 Island Road,Savannah,GA,31406
15314060,826 South Hancock Street,Louisville,KY,40203
15314061,2212 Greenville Street,Montgomery,AL,36107
15314062,325 East 7th Street,Edmond,OK,73034
15314063,7 Maple Hill Road,Aquinnah,MA,2535
15314064,73455 Twentynine Palms Highway,Twentynine Palms,CA,92277
15314065,410 West 89th Avenue,Anchorage,AK,99515
15314066,24147 Clinton Court,Hayward,CA,94545
15314067,5620 Lilly Street,Panama City,FL,32404
15314068,207 Spruce Street,Manchester,CT,6040
15314069,236 Alden Road,Hayward,CA,94541
15314070,467 North Mountain Ranch Road,Fayetteville,AR,72704
15314071,2042 High Street,Oakland,CA,94601
15314072,6244 Sun River Drive,Sacramento,CA,95824
15314073,8801 Rosshire Drive,Louisville,KY,40118
15314074,449 15th Street Northeast,Washington,DC,20002
15314075,4385 Wares Ferry Road,Montgomery,AL,36109
15314076,8546 North 59th Lane,Glendale,AZ,85302
15314077,8262 Elvaton Road,Millersville,MD,21108
15314078,7018 Russell Court,Arvada,CO,80007
15314079,1353 West 27th Avenue,Anchorage,AK,99503
15314080,1030 Lake Claire Drive,Annapolis,MD,21409
15314081,10980 Splendor Loop,Anchorage,AK,99577
15314082,36043 Soapberry Commons,Fremont,CA,94536
15314083,419 Wabasso Avenue,Louisville,KY,40209
15314084,2098 Lower Newton Street,Saint Albans City,VT,5478
15314085,115 Waddell Road,Manchester,CT,6040
15314086,463 East Rutgers Loop,Montgomery,AL,36109
15314087,31130 Meadowbrook Avenue,Hayward,CA,94544
15314088,8506 Laviento Drive,Anchorage,AK,99515
15314089,19404 North 77th Avenue,Glendale,AZ,85308
15314090,302 East Granada Street,Fayetteville,AR,72703
15314091,9321 Amy Lane,Panama City Beach,FL,32407
15314092,1156 Greenhill Road,Arnold,MD,21012
15314093,30 Curtis Road,Milton,MA,2186
15314094,904 Shepherd Street Northwest,Washington,DC,20011
15314095,124 Crane Street,Panama City,FL,32413
15314096,15847 West 74th Place,Arvada,CO,80007
15314097,435 Granite Street,Quincy,MA,2169
15314098,4418 Signal Hill Road,Louisville,KY,40207
15314099,2285 Wold Run Drive,Fayetteville,AR,72704
15314100,110 Castle Hill,Manchester,CT,6040
15314101,8474 Chase Drive,Arvada,CO,80003
15314102,4074 North Sunflower Circle,Fayetteville,AR,72703
15314103,249 Yellow Leaf Circle,Anchorage,AK,99504
15314104,8010 Holland Court,Arvada,CO,80005
15314105,1300 East Dowling Road,Anchorage,AK,99518
15314106,189 Danforth Street,Framingham,MA,1701
15314107,1011 Bell Avenue,Glen Burnie,MD,21060
15314108,5224 Wasena Avenue,Baltimore,MD,21225
15314109,7613 Yule Court,Arvada,CO,80007
15314110,1243 Doris Avenue,Pasadena,MD,21122
15314111,3504 East 5th Street,Panama City,FL,32401
15314112,1 Dunsmuir Lane,Savannah,GA,31411
15314113,1320 Dunbarton Road,Montgomery,AL,36117
15314114,14524 Lodestar Drive,Grass Valley,CA,95949
15314115,8404 West Myrtle Avenue,Glendale,AZ,85305
15314116,620 Oakland Avenue,Fayetteville,AR,72701
15314117,39 Cottage Street,Athol,MA,1331
15314118,82 Lookout Mountain Drive,Manchester,CT,6040
15314119,1635 Generals Highway,Annapolis,MD,21401
15314120,555 North Dupont Avenue,Nashville,TN,37115
15314121,2505 North Hampton Court,Fayetteville,AR,72703
15314122,136 Acacia Drive,Blue Lake,CA,95525
15314123,22825 North 74th Lane,Glendale,AZ,85310
15314124,643 Farragut Street Northwest,Washington,DC,20011
15314125,17 West 26th Circle,Fayetteville,AR,72701
15314126,335 C Street Southeast,Washington,DC,20003
15314127,1418 Paddocks Court,Crownsville,MD,21032
15314128,2917 Miramar Drive,Fayetteville,AR,72704
15314129,301 Argonaut Street,Panama City Beach,FL,32413
15314130,12901 Mission Circle,Anchorage,AK,99516
15314131,3013 Sprowl Road,Jeffersontown,KY,40299
15314132,5929 West Via Montoya Drive,Glendale,AZ,85310
15314133,325 Joseph Circle,Southport,FL,32409
15314134,922 Urciolo Court,Annapolis,MD,21401
15314135,2212 Daffin Drive,Savannah,GA,31404
15314136,1401 Cordova Street,Anchorage,AK,99501
15314137,8064 Claytie Circle,Nashville,TN,37221
15314138,566 Middle Turnpike East,Manchester,CT,6040
15314139,93 Hamlin Street,Manchester,CT,6040
15314140,123 Remember Baker Lane,Hartford,VT,5001
15314141,125 Connors Street,Gardner,MA,1440
15314142,2315 Chestnut Street,Montgomery,AL,36107
15314143,2716 30th Street Southeast,Washington,DC,20020
15314144,2406 Lindbergh Drive,Louisville,KY,40208
15314145,2035 Ninth Street,Berkeley,CA,94710
15314146,34 Holyoke Road,Manchester,CT,6040
15314147,2276 West Woodley Square,Montgomery,AL,36116
15314148,20251 North 75th Avenue,Glendale,AZ,85308
15314149,72 Bentley Avenue,Poultney,VT,5764
15314150,2807 Huxley Place,Fremont,CA,94555
15314151,7772 West Palmaire Avenue,Glendale,AZ,85303
15314152,82 Linnmore Drive,Manchester,CT,6040
15314153,882 Plantation Way,Montgomery,AL,36117
15314154,8150 North 61st Avenue,Glendale,AZ,85302
15314155,503 Orchard Road,Glen Burnie,MD,21061
15314156,3616 Echo Lane,Nashville,TN,37218
15314157,376 Whites Road,Wilmington,VT,5363
15314158,322 East Taylor Street,Savannah,GA,31401
15314159,605 Main Street,Watertown,MA,2472
15314160,238 West Rock Street,Fayetteville,AR,72701
15314161,1819 Q Street Southeast,Washington,DC,20020
15314162,1261 Sioux Terrace,Nashville,TN,37115
15314163,7002 Secrest Court,Arvada,CO,80007
15314164,169 Avenida Drive,Berkeley,CA,94708
15314165,6095 Terry Lane,Golden,CO,80403
15314166,3620 Colmar Drive,Louisville,KY,40211
15314167,8820 Vaughn Road,Montgomery,AL,36117
15314168,113 Hammarlee Road,Glen Burnie,MD,21060
15314169,281 MacArthur Boulevard,Oakland,CA,94610
15314170,8159 West 81st Avenue,Arvada,CO,80005
15314171,512 North Center Avenue,Panama City,FL,32401
15314172,4876 Norris Road,Fremont,CA,94536
15314173,8378 Cole Street,Arvada,CO,80005
15314174,2406 Brighton Drive,Louisville,KY,40205
15314175,19 Heritage,Oakland,CA,94605
15314176,6228 West Larkspur Drive,Glendale,AZ,85304
15314177,2504 Longest Avenue,Louisville,KY,40204
15314178,3 Mad Anthony Lane,Savannah,GA,31411
15314179,2248 South Sutherland Drive,Montgomery,AL,36116
15314180,330 Michell Court,Livermore,CA,94551
15314181,6748 West San Juan Avenue,Glendale,AZ,85303
15314182,1734 Tamarack Street Northwest,Washington,DC,20012
15314183,915 Arkansas Avenue,Lynn Haven,FL,32444
15314184,116 Queens Lane,Nashville,TN,37218
15314185,8 Linden Circle,Somerville,MA,2143
15314186,4 Chamois Court,Pooler,GA,31322
15314187,6941 West 87th Way,Arvada,CO,80003
15314188,354 North University Avenue,Fayetteville,AR,72701
15314189,6145 East Castro Valley Boulevard,Castro Valley,CA,94552
15314190,1401 Saint George Avenue,Moore,OK,73160
15314191,1713 Arrow Cove Lane,Annapolis,MD,21401
15314192,56 Gardner Street,Manchester,CT,6040
15314193,327 Idlewylde Drive,Louisville,KY,40206
15314194,18789 Crane Avenue,Castro Valley,CA,94546
15314195,814 East 10th Court,Panama City,FL,32401
15314196,6431 Shattuck Avenue,Oakland,CA,94609
15314197,4719 Bayou Bluff Trail,Lynn Haven,FL,32444
15314198,24 Lambert Street,Medford,MA,2155
15314199,1318 35th Street Northwest,Washington,DC,20007
15314200,4807 North Grove Avenue,Warr Acres,OK,73122
15314201,4408 Bonaparte Boulevard,Midwest City,OK,73110
15314202,73 Twin Hills Drive,Longmeadow,MA,1106
15314203,34 Harris Street,Brookline,MA,2446
15314204,22352 North 67th Drive,Glendale,AZ,85310
15314205,11522 Country Spring Court,Cupertino,CA,95014
15314206,21 Soling Avenue,Savannah,GA,31419
15314207,302 Mcmillin Street,Nashville,TN,37203
15314208,129 Grant Street,Redlands,CA,92373
15314209,3035 South Highway A1A,Melbourne Beach,FL,32951
15314210,1637 Acre Circle,Panama City Beach,FL,32407
15314211,130 West Brown Road,Mesa,AZ,85201
15314212,2632 Jackson Street East,Carson,CA,90810
15314213,4503 North Council Road,Bethany,OK,73008
15314214,119 Redwood Road,Manchester,CT,6040
15314215,5721 Frank Hough Road,Panama City,FL,32404
15314216,2917 Danzig Place,Louisville,KY,40245
15314217,26563 Chisholm Court,Hayward,CA,94544
15314218,4221 East Mission Boulevard,Fayetteville,AR,72703
15314219,6021 Yarrow Street,Arvada,CO,80004
15314220,7102 North 43rd Avenue,Glendale,AZ,85301
15314221,3386 Sudlersville South,Laurel,MD,20724
15314222,6022 West Alice Avenue,Glendale,AZ,85302
15314223,580 Hollow Wood Road,Montgomery,AL,36109
15314224,435 East 5th Avenue,Anchorage,AK,99501
15314225,6713 Holt Road,Nashville,TN,37211
15314226,5605 North Terry Avenue,Oklahoma City,OK,73111
15314227,412 West Ila Street,Fayetteville,AR,72701
15314228,9403 Fairground Road,Louisville,KY,40291
15314229,6049 Quail Street,Arvada,CO,80004
15314230,17 Hillcrest Road,Rutland,VT,5701
15314231,424 Callan Avenue,San Leandro,CA,94577
15314232,105 Gilmore Street,Glen Burnie,MD,21061
15314233,910 Arlington Terrace,Fayetteville,AR,72701
15314234,2204 7th Street Road,Louisville,KY,40208
15314235,11 North Vineyard Drive,Pueblo West,CO,81007
15314236,3505 Albee Drive,Nashville,TN,37076
15314237,689 Stableway Road,Pike Road,AL,36064
15314238,102 East Cydnee Street,Fayetteville,AR,72703
15314239,208 Towne Lake Way,Pooler,GA,31322
15314240,2555 West 69th Court,Anchorage,AK,99502
15314241,58 Rice Street Southwest,Washington,DC,20032
15314242,2961 Vinson Road,Montgomery,AL,36110
15314243,172 Chestnut Street,Lynn,MA,1902
15314244,307 Meadowood Court,Lynn Haven,FL,32444
15314245,403 Turkey Creek Road,Mathews,AL,36052
15314246,11 Rosewood Lane,Essex,VT,5452
15314247,102 Old Depot Road,Farmington,AR,72730
15314248,9 Pierce Road,Watertown,MA,2472
15314249,15254 North 52nd Avenue,Glendale,AZ,85306
15314250,11140 West 60th Avenue,Arvada,CO,80004
15314251,803 18th Avenue South,Nashville,TN,37203
15314252,918 Cheryl Ann Circle,Hayward,CA,94544
15314253,1328 Jenks Avenue,Panama City,FL,32401
15314254,2201 Marks Mill Lane,Fayetteville,AR,72703
15314255,12371 Atlanta Highway,Montgomery,AL,36117
15314256,3437 Sommerville Drive,Montgomery,AL,36111
15314257,829 Dunbarton Road,Montgomery,AL,36117
15314258,8 Kozera Avenue,Hadley,MA,1035
15314259,89 High Ledge Circle,Manchester,CT,6040
15314260,35 Lakewood Circle South,Manchester,CT,6040
15314261,2222 Martin Luther King Junior Boulevard,Fayetteville,AR,72701
15314262,1720 Quacco Road,Pooler,GA,31322
15314263,116 Jourdan Street,Hinesburg,VT,5461
15314264,2507 R Street Southeast,Washington,DC,20020
15314265,4719 West Cochise Drive,Glendale,AZ,85302
15314266,1838 Crofton Parkway,Crofton,MD,21114
15314267,26 Seaman Circle,Manchester,CT,6040
15314268,2572 Drake Street,Montgomery,AL,36108
15314269,4231 Miramonte Way,Union City,CA,94587
15314270,2508 Grant Avenue,Panama City,FL,32405
15314271,6505 South Lagoon Drive,Panama City Beach,FL,32408
15314272,2032 Gorgas Street,Montgomery,AL,36106
15314273,1129 I Street,Anchorage,AK,99501
15314274,5201 North Miller Avenue,Oklahoma City,OK,73112
15314275,1987 Boxer Court,San Lorenzo,CA,94580
15314276,3219 Lakeshore Drive,Nashville,TN,37138
15314277,415 West 42nd Street,Savannah,GA,31401
15314278,5792 Owl Hill Avenue,Santa Rosa,CA,95409
15314279,6816 West 84th Circle,Arvada,CO,80003
15314280,1900 West Virginia Avenue Northeast,Washington,DC,20002
15314281,2936 State Avenue,Panama City,FL,32405
15314282,2604 13th Street,Savannah,GA,31408
15314283,10304 North 179th Drive,Waddell,AZ,85355
15314284,8142 Mallard Shore Drive,Laurel,MD,20724
15314285,653 Stratton Arlington Road,Stratton,VT,5360
15314286,2414 Parker Street,Berkeley,CA,94704
15314287,43 Westminster Street,Pittsfield,MA,1201
15314288,422 C Street Northeast,Washington,DC,20002
15314289,535 Saddlewood Lane,Montgomery,AL,36109
15314290,7910 West Krall Street,Glendale,AZ,85303
15314291,1600 20th Street Northwest,Washington,DC,20009
15314292,1217 Bay Street,Tybee Island,GA,31328
15314293,7645 Marshall Street,Arvada,CO,80003
15314294,717 Joseph Avenue,Nashville,TN,37207
15314295,2106 Standard Avenue,Louisville,KY,40210
15314296,316 20th Street Northeast,Washington,DC,20002
15314297,227 West Montgomery Cross Road,Savannah,GA,31406
15314298,310 12th Avenue,Santa Cruz,CA,95062
15314299,2685 California Street,Mountain View,CA,94040
15314300,6460 Vermont 113,Vershire,VT,5079
15314301,8404 South Villa Avenue,Oklahoma City,OK,73159
15314302,7030 West Krall Street,Glendale,AZ,85303
15314303,189 Dalton Avenue,Pittsfield,MA,1201
15314304,2455 Manchester Drive,The Village,OK,73120
15314305,2405 230th Street,Pasadena,MD,21122
15314306,589 East Main Street,Newport,VT,5855
15314307,1520 H Street Northwest,Washington,DC,20006
15314308,4603 Grant Street Northeast,Washington,DC,20019
15314309,171 Brickhill Circle,Pooler,GA,31322
15314310,607 North 46th Avenue,Fayetteville,AR,72704
15314311,9134 Brook Park Drive,Montgomery,AL,36117
15314312,2134 West Mills Drive,Orange,CA,92868
15314313,2 Cockle Shell Road,Savannah,GA,31419
15314314,1431 King George Boulevard,Savannah,GA,31419
15314315,1804 Calhoun Avenue,Panama City,FL,32405
15314316,23 Florida Avenue Northeast,Washington,DC,20002
15314317,5630 Silverado Way,Anchorage,AK,99518
15314318,11300 Lillian Lane,Anchorage,AK,99515
15314319,2209 East Manor Drive,Fayetteville,AR,72701
15314320,8325 Northwest 19th Street,Oklahoma City,OK,73127
15314321,6925 Lariat Lane,Castro Valley,CA,94552
15314322,6721 Boundary Run,Nashville,TN,37221
15314323,1700 William E Summers III Avenue,Louisville,KY,40211
15314324,14 6th Street,Medford,MA,2155
15314325,11865 West 74th Avenue,Arvada,CO,80005
15314326,912 Countryside Lane,Montgomery,AL,36117
15314327,6080 Frontier Lane,Nashville,TN,37211
15314328,1124 Bluewillow Court,Nashville,TN,37013
15314329,17722 North 79th Avenue,Glendale,AZ,85308
15314330,6 Oak Street,Town of Rockingham,VT,5101
15314331,1537 Northwest 123rd Street,Oklahoma City,OK,73120
15314332,10001 Pheasant Lane,Oklahoma City,OK,73162
15314333,10340 West 62nd Place,Arvada,CO,80004
15314334,52 Oleary Drive,Manchester,CT,6040
15314335,15082 North 59th Avenue,Glendale,AZ,85306
15314336,7047 Vinson Road,Panama City,FL,32413
15314337,200 Edson Road,Windham,VT,5359
15314338,150 Manistee Drive,Panama City Beach,FL,32413
15314339,2335 Orchard View Lane,Escondido,CA,92027
15314340,65 Clark Street,Newton,MA,2459
15314341,18318 Pioneer Drive,Anchorage,AK,99577
15314342,110 Elmwood Avenue,Barre,VT,5641
15314343,4800 Huffman Road,Anchorage,AK,99516
15314344,8219 Minor Lane,Louisville,KY,40219
15314345,10129 Spring Gate Drive,Louisville,KY,40241
15314346,65 Arcellia Drive,Manchester,CT,6042
15314347,12460 West Solano Drive,Litchfield Park,AZ,85340
15314348,618 Watts Street,Montgomery,AL,36104
15314349,5805 Armada Drive,Carlsbad,CA,92008
15314350,1644 Queenstown Road,Nichols Hills,OK,73116
15314351,143 Main Street,Manchester,CT,6042
15314352,226 Tranquility Lane,Saint Albans Town,VT,5488
15314353,831 21st Street Northeast,Washington,DC,20002
15314354,22825 Paseo Place,Hayward,CA,94541
15314355,2902 Flint Street,Union City,CA,94587
15314356,919 Windsor Avenue,Annapolis,MD,21403
15314357,6041 North 72nd Lane,Glendale,AZ,85303
15314358,163 Highwood Drive,Manchester,CT,6040
15314359,1334 East 14th Avenue,Anchorage,AK,99501
15314360,223 Goose Pond Road,Fairfax,VT,5454
15314361,1021 North Center Avenue,Panama City,FL,32401
15314362,1559 Alabama Avenue Southeast,Washington,DC,20032
15314363,1238 Roanwood Way,Concord,CA,94521
15314364,2068 Happy Lane,Crofton,MD,21114
15314365,5378 Allison Street,Arvada,CO,80002
15314366,4604 Virginia Loop Road,Montgomery,AL,36116
15314367,7711 North 51st Avenue,Glendale,AZ,85301
15314368,343 Daman Drive,Montgomery,AL,36108
15314369,3623 Chateau Lane,Louisville,KY,40219
15314370,2619 North Quality Lane,Fayetteville,AR,72703
15314371,5334 West Northern Avenue,Glendale,AZ,85301
15314372,3835 Oakes Drive,Hayward,CA,94542
15314373,295 Townes Drive,Nashville,TN,37211
15314374,125 13th Street Northeast,Washington,DC,20002
15314375,7308 Northwest 119th Street,Oklahoma City,OK,73162
15314376,1911 East 58th Avenue,Anchorage,AK,99507
15314377,22649 McManus Drive,Anchorage,AK,99567
15314378,4617 East 3rd Street,Panama City,FL,32404
15314379,6436 Stoney Point Road,Panama City,FL,32404
15314380,2577 Rhode Island Avenue Northeast,Washington,DC,20018
15314381,44 Campfield Road,Manchester,CT,6040
15314382,7132 South Villa Avenue,Oklahoma City,OK,73159
15314383,107 West Canton Circle,Springfield,MA,1104
15314384,14358 West 88th Place,Arvada,CO,80005
15314385,2100 Sandy Creek Trail,Edmond,OK,73013
15314386,6404 West 82nd Drive,Arvada,CO,80003
15314387,1609 Porter Avenue,Nashville,TN,37206
15314388,8421 Thomas Drive,Panama City,FL,32408
15314389,116 Frost Park,Hartford,VT,5001
15314390,132 Tensaw Road,Montgomery,AL,36117
15314391,3147 West Old Farmington Road,Fayetteville,AR,72704
15314392,3538 Mendenhall Court,Pleasanton,CA,94588
15314393,1623 Mines Road,Lowell,VT,5847
15314394,99 Pond Avenue,Brookline,MA,2445
15314395,557 West Willoughby Road,Fayetteville,AR,72701
15314396,309 Brooke Court,Panama City,FL,32404
15314397,4696 Bull Run Road,Ashland City,TN,37015
15314398,18330 North 79th Avenue,Glendale,AZ,85308
15314399,5601 West Missouri Avenue,Glendale,AZ,85301
15314400,2903 West 31st Avenue,Anchorage,AK,99517
15314401,2611 Bluefield Avenue,Nashville,TN,37214
15314402,203 East Gwinnett Street,Savannah,GA,31401
15314403,3517 S Street Northwest,Washington,DC,20007
15314404,1123 Ardee Avenue,Nashville,TN,37216
15314405,3811 W Street Southeast,Washington,DC,20020
15314406,2130 Loren Circle,Fayetteville,AR,72701
15314407,4 Orchard Street,Manchester,CT,6040
15314408,4755 Coventry Road,Montgomery,AL,36116
15314409,1806 Boscobel Street,Nashville,TN,37206
15314410,7034 West John Garrison Road,Fayetteville,AR,72704
15314411,233 Juniper Drive,South Burlington,VT,5403
15314412,1831 Frankford Avenue,Panama City,FL,32405
15314413,4924 West 65th Avenue,Arvada,CO,80003
15314414,7095 Gladiola Street,Arvada,CO,80004
15314415,7564 Moore Court,Arvada,CO,80005
15314416,8442 Everett Way,Arvada,CO,80005
15314417,1330 West 82nd Avenue,Anchorage,AK,99518
15314418,4907 Roger Drive,Anchorage,AK,99507
15314419,123 Blossom Road,Westport,MA,2790
15314420,915 Hargrove Street,Ardmore,OK,73401
15314421,1983 Reidsville Street,Annapolis,MD,21401
15314422,12403 Deerfield Road,Savannah,GA,31419
15314423,1011 Devon Drive,Hayward,CA,94542
15314424,5222 West Laurie Lane,Glendale,AZ,85302
15314425,35 Pilgrim Lane,Manchester,CT,6040
15314426,2728 Hale Avenue,Louisville,KY,40211
15314427,65 Lowry Road,Falmouth,MA,2540
15314428,302 Depot Road,Boxborough,MA,1719
15314429,1402 Maggies Way,Waterbury Center,VT,5677
15314430,81 Lyness Street,Manchester,CT,6040
15314431,6518 Dolphin Court,Glen Burnie,MD,21061
15314432,1842 West Park Place,Oklahoma City,OK,73106
15314433,1 Pond View Road,Proctor,VT,5765
15314434,1340 5th Street Northwest,Washington,DC,20001
15314435,6000 Parker Drive,Deale,MD,20751
15314436,822 Bowden Street,Savannah,GA,31415
15314437,1710 East Harold Street,Fayetteville,AR,72703
15314438,1518 Jenks Avenue,Panama City,FL,32405
15314439,814 South Pickard Avenue,Norman,OK,73069
15314440,100 Fenwick Village Drive,Savannah,GA,31419
15314441,218 Middle Street,Brighton,VT,5846
15314442,5470 Atlanta Highway,Montgomery,AL,36109
15314443,43 Main Street,Essex,VT,5452
15314444,804 East 7th Court,Panama City,FL,32401
15314445,1709 Queensbury Road,Moore,OK,73160
15314446,646 Clinton Street,Montgomery,AL,36108
15314447,708 Pine Drift Drive,Odenton,MD,21113
15314448,5104 West Tierra Buena Lane,Glendale,AZ,85306
15314449,1234 Carmel Street,Madera,CA,93638
15314450,1753 Zion Road,Fayetteville,AR,72703
15314451,22538 6th Street,Hayward,CA,94541
15314452,415 Lullwater Drive,Panama City Beach,FL,32413
15314453,219 Bidwell Street,Manchester,CT,6040
15314454,4500 Margalo Avenue,Bakersfield,CA,93313
15314455,8380 West 67th Avenue,Arvada,CO,80004
15314456,2334 Nantucket Drive,Crofton,MD,21114
15314457,720 East Muhammad Ali Boulevard,Louisville,KY,40202
15314458,12022 Town Park Circle,Anchorage,AK,99577
15314459,2305 Ranchland Drive,Savannah,GA,31404
15314460,1656 Newton Street Northwest,Washington,DC,20010
15314461,91 85th Avenue,Fayetteville,AR,72704
15314462,228 Central Street,Milford,MA,1757
15314463,20 Masters Way,Manchester,CT,6040
15314464,5396 North Reese Avenue,Fresno,CA,93722
15314465,28 Wilfred Road,Manchester,CT,6040
15314466,200 Pheasant Avenue,Louisville,KY,40118
15314467,1650 Garland Avenue,Fayetteville,AR,72703
15314468,4600 Ritchie Highway,Baltimore,MD,21225
15314469,733 East DeRenne Avenue,Savannah,GA,31405
15314470,8349 West Stella Way,Glendale,AZ,85305
15314471,33 Pond Avenue,Brookline,MA,2445
15314472,9 Kimball Court,Burlington,MA,1803
15314473,2433 Southwest 36th Street,Oklahoma City,OK,73109
15314474,4607 Artelia Drive,Nashville,TN,37013
15314475,212 Ambleside Drive,Severna Park,MD,21146
15314476,8757 Lamar Circle,Arvada,CO,80003
15314477,130 Carolina Cherry Circle,Pooler,GA,31322
15314478,7804 Abercorn Street,Savannah,GA,31406
15314479,12870 Old Seward Highway,Anchorage,AK,99515
15314480,8133 Meadowgreen Place,Louisville,KY,40299
15314481,5 Meadow Lane,Rutland,VT,5701
15314482,562 South Pierremont Drive,Fayetteville,AR,72701
15314483,1219 Carleton Street,Berkeley,CA,94702
15314484,1403 Boulder Court,Hanover,MD,21076
15314485,122 Coral Drive,Panama City Beach,FL,32413
15314486,1404 James Way,Edgewater,MD,21037
15314487,4300 Woodley Square,Montgomery,AL,36116
15314488,422 Richmond Street,El Cerrito,CA,94530
15314489,222 Plymouth Street,Middleborough,MA,2346
15314490,451 East Street,Huntington,VT,5462
15314491,9209 Eupora Court,Jeffersontown,KY,40299
15314492,4 Conti Circle,Barre,VT,5641
15314493,5264 Shafter Avenue,Oakland,CA,94618
15314494,1630 Eton Way,Crofton,MD,21114
15314495,5244 West Port Au Prince Lane,Glendale,AZ,85306
15314496,1835 Pointer Lane,Fayetteville,AR,72701
15314497,107 Laurel Green Court,Savannah,GA,31419
15314498,7250 Urban Drive,Arvada,CO,80005
15314499,12 Kane Road,Manchester,CT,6040
15314500,4132 Northwest 57th Street,Oklahoma City,OK,73112
15314501,10774 West 54th Lane,Arvada,CO,80002
15314502,6729 North 54th Avenue,Glendale,AZ,85301
15314503,6483 West 76th Avenue,Arvada,CO,80003
15314504,5732 Jean Drive,Union City,CA,94587
15314505,8221 Surf Drive,Panama City,FL,32408
15314506,9101 Vanguard Drive,Anchorage,AK,99507
15314507,18713 Shilstone Way,Edmond,OK,73012
15314508,51185 Helmsman Street,Kenai,AK,99611
15314509,128 East Oak Street,Louisville,KY,40203
15314510,1222 Arcade Boulevard,Sacramento,CA,95815
15314511,1405 Mercedes Avenue,Panama City,FL,32401
15314512,7024 Johnny Mercer Boulevard,Savannah,GA,31410
15314513,3600 Pennsylvania Avenue,Fremont,CA,94536
15314514,312 North Cove Boulevard,Panama City,FL,32401
15314515,3118 Sora Avenue,Louisville,KY,40213
15314516,6420 Via Baron,Rancho Palos Verdes,CA,90275
15314517,3321 Furman Boulevard,Louisville,KY,40220
15314518,98 Lincoln Street,Revere,MA,2151
15314519,984 Greendale Avenue,Needham,MA,2492
15314520,239 Eastern Avenue,Fayetteville,AR,72701
15314521,1106 Commanders Way South,Annapolis,MD,21409
15314522,4927 Alvin Sperry Road,Mount Juliet,TN,37122
15314523,1632 North Lunsford Avenue,Fayetteville,AR,72701
15314524,2349 East Tall Oaks Drive,Fayetteville,AR,72703
15314525,2036 Hermitage Hills Drive,Gambrills,MD,21054
15314526,119 Oakland Street,Manchester,CT,6042
15314527,37675 Fremont Boulevard,Fremont,CA,94536
15314528,3104 Southwest 46th Street,Oklahoma City,OK,73119
15314529,2036 Gorgas Street,Montgomery,AL,36106
15314530,11102 Little Rock Court,Louisville,KY,40241
15314531,46 Deslauriers Street,Chicopee,MA,1020
15314532,12 Red Fox Drive,Savannah,GA,31419
15314533,503 Blackwood Terrace Southeast,Calhoun,GA,30701
15314534,2223 North Fernwood Court,Savannah,GA,31404
15314535,5444 Nicole Boulevard,Panama City,FL,32404
15314536,849 East Victoria Street,Carson,CA,90746
15314537,445 South Potomac Circle,Aurora,CO,80012
15314538,201 East 9th Avenue,Anchorage,AK,99501
15314539,3500 15th Street Northeast,Washington,DC,20017
15314540,4981 Shirley Way,Livermore,CA,94550
15314541,1300 Lemos Lane,Fremont,CA,94539
15314542,5000 V Street Northwest,Washington,DC,20007
15314543,6823 Forsythe Drive,Panama City,FL,32404
15314544,1522 South 36th Street,Louisville,KY,40211
15314545,313 Lone Oak Drive,Norman,OK,73071
15314546,970 Old Oak Road,Livermore,CA,94550
15314547,1653 Brooks Avenue,Fayetteville,AR,72701
15314548,441 Merritt Avenue,Oakland,CA,94610
15314549,632 North Pine Street,Anchorage,AK,99508
15616556,156641 Jacsdfadfasdfdsafdkson St., Lansdfcsfadfadsfaster, WV, 99999